id,name,type,category,subcategory,grade,description,additional_description,story_1,story_2,levels,created_by,created_at,updated_at
0351860e-bcbb-40ca-8080-3ae917079b87,Postura pessimista,Passiva,Tecnico,Posture,Suprema,"Con spade a due mani: un piede posto in avanti a gamba piegata, come se fosse pronto per scattare. L'altra deve essere tesa e verso l'esterno, il busto basso.
L'impugnatura della spada deve essere dal lato della gamba piegata, la spada dietro la nuca e leggermente inclinata con la punta verso il basso.","Postura d'eccellenza per le finte, essendo una postura finta-offensiva/difensiva",,,"[{""level"":1,""base_value"":0,""bonus_value"":0,""special_effect"":"""",""level_description"":""La postura permette un ottima apertura laterale con danno pesante critico.\nApre bene a finte oppressive per poi concludere comunque in un pesante critico.\nIl fendente laterale ha anche vantaggio a contrattacco durante la sua applicazione. \nIn alternativa, offre netto vantaggio alle difese eseguendo una semplice parta alzando la spada per poi proseguire con attacchi in affondo o manovre di spada contro-difensive\nSvantaggio a parate e Deviazioni dal basso""},{""level"":2,""base_value"":0,""bonus_value"":0,""special_effect"":"""",""level_description"":""""},{""level"":3,""base_value"":0,""bonus_value"":0,""special_effect"":"""",""level_description"":""""},{""level"":4,""base_value"":0,""bonus_value"":0,""special_effect"":"""",""level_description"":""""},{""level"":5,""base_value"":0,""bonus_value"":0,""special_effect"":"""",""level_description"":""""},{""level"":6,""base_value"":0,""bonus_value"":0,""special_effect"":"""",""level_description"":""""},{""level"":7,""base_value"":0,""bonus_value"":0,""special_effect"":"""",""level_description"":""""},{""level"":8,""base_value"":0,""bonus_value"":0,""special_effect"":"""",""level_description"":""""},{""level"":9,""base_value"":0,""bonus_value"":0,""special_effect"":"""",""level_description"":""""},{""level"":10,""base_value"":0,""bonus_value"":0,""special_effect"":"""",""level_description"":""""}]",479ab18e-0df5-418a-86fd-6ffc4791250a,2025-09-18 14:02:04.58368+00,2025-09-18 14:02:04.58368+00
0a98984b-b556-415b-911c-690954a421dc,Postura jungiana della Persona,Passiva,Tecnico,Posture,Semplice,"Gamba dal lato dominante posta in avanti mentre l'altra posta leggermente indietro
Spada tenuta con la punta verso il basso.",Postura difensiva,,,"[{""level"":1,""base_value"":0,""bonus_value"":0,""special_effect"":"""",""level_description"":""Offre vantaggio contro affondi in slancio e contrasta bene le azioni difensive a mezza/bassa altezza, per gli attacchi alti invece si è totalmente scoperti, per cui offre una buona possibilità di schivata ed affondo.\nOttiene svantaggio sulle finte e si è incapacitati alle finte gli attacchi nemici alti hanno netto svantaggio alla parata""},{""level"":2,""base_value"":0,""bonus_value"":0,""special_effect"":"""",""level_description"":""""},{""level"":3,""base_value"":0,""bonus_value"":0,""special_effect"":"""",""level_description"":""""},{""level"":4,""base_value"":0,""bonus_value"":0,""special_effect"":"""",""level_description"":""""},{""level"":5,""base_value"":0,""bonus_value"":0,""special_effect"":"""",""level_description"":""""},{""level"":6,""base_value"":0,""bonus_value"":0,""special_effect"":"""",""level_description"":""""},{""level"":7,""base_value"":0,""bonus_value"":0,""special_effect"":"""",""level_description"":""""},{""level"":8,""base_value"":0,""bonus_value"":0,""special_effect"":"""",""level_description"":""""},{""level"":9,""base_value"":0,""bonus_value"":0,""special_effect"":"""",""level_description"":""""},{""level"":10,""base_value"":0,""bonus_value"":0,""special_effect"":"""",""level_description"":""""}]",479ab18e-0df5-418a-86fd-6ffc4791250a,2025-09-16 23:58:31.229029+00,2025-09-16 23:58:31.229029+00
0fa8973e-1866-4497-9db1-07a1d58c249f,Postura del terrore,Passiva,Tecnico,Posture,Suprema,Spade ad una mano: Arma rivolta lateralmente con braccio teso a massima apertura orizzontale.,Postura semi-offensiva ottima per le finte e per applicare pressione durante un combattimento,,,"[{""level"":1,""base_value"":0,""bonus_value"":0,""special_effect"":"""",""level_description"":""Offre vantaggio ad ogni primo colpo in postura. \nOttieni leggero vantaggio alle azioni di schiavata in Contrattacco \nPiù tempo rimani in postura senza attaccare maggiore il danno ed il vantaggio al primo colpo. \nColpire nuovamente tuttavia comporta un grave svantaggio se il primo colpo non ha raggiunto il suo culmine.""},{""level"":2,""base_value"":0,""bonus_value"":0,""special_effect"":"""",""level_description"":""""},{""level"":3,""base_value"":0,""bonus_value"":0,""special_effect"":"""",""level_description"":""""},{""level"":4,""base_value"":0,""bonus_value"":0,""special_effect"":"""",""level_description"":""""},{""level"":5,""base_value"":0,""bonus_value"":0,""special_effect"":"""",""level_description"":""""},{""level"":6,""base_value"":0,""bonus_value"":0,""special_effect"":"""",""level_description"":""""},{""level"":7,""base_value"":0,""bonus_value"":0,""special_effect"":"""",""level_description"":""""},{""level"":8,""base_value"":0,""bonus_value"":0,""special_effect"":"""",""level_description"":""""},{""level"":9,""base_value"":0,""bonus_value"":0,""special_effect"":"""",""level_description"":""""},{""level"":10,""base_value"":0,""bonus_value"":0,""special_effect"":"""",""level_description"":""""}]",479ab18e-0df5-418a-86fd-6ffc4791250a,2025-09-10 20:36:19.021597+00,2025-09-17 01:03:04.833261+00
11e78f41-6fc5-4d11-8146-7050adfb1316,Finta,Attiva,Tecnico,Posture,Semplice,"Esegue un attacco che non viene portato a termine, se l'avversario reagisce con una parata, una deviazione o una schivata (Situazionale) garantisce grande vantaggio ad una contro-difesa.
Al contrario, se l'avversario attacca o risponde con un contrattacco, si ottiene enorme svantaggio ad una contro-offesa.",,,,"[{""level"":1,""base_value"":0,""bonus_value"":0,""special_effect"":"""",""level_description"":""Permette l'utilizzo della finta con qualsiasi arma da mischia o Distanza, fisiche o magiche""},{""level"":2,""base_value"":0,""bonus_value"":0,""special_effect"":"""",""level_description"":""""},{""level"":3,""base_value"":0,""bonus_value"":0,""special_effect"":"""",""level_description"":""""},{""level"":4,""base_value"":0,""bonus_value"":0,""special_effect"":"""",""level_description"":""""},{""level"":5,""base_value"":0,""bonus_value"":0,""special_effect"":"""",""level_description"":""""},{""level"":6,""base_value"":0,""bonus_value"":0,""special_effect"":"""",""level_description"":""""},{""level"":7,""base_value"":0,""bonus_value"":0,""special_effect"":"""",""level_description"":""""},{""level"":8,""base_value"":0,""bonus_value"":0,""special_effect"":"""",""level_description"":""""},{""level"":9,""base_value"":0,""bonus_value"":0,""special_effect"":"""",""level_description"":""""},{""level"":10,""base_value"":0,""bonus_value"":0,""special_effect"":"""",""level_description"":""""}]",479ab18e-0df5-418a-86fd-6ffc4791250a,2025-10-23 03:12:55.643844+00,2025-10-23 03:12:55.643844+00
2375cdbe-c275-43c0-bd17-4915174f4fb7,Postura bruniana,Passiva,Tecnico,Posture,Suprema,"Solo con spade ad una mano precise: Postura versatile, braccio teso o angolato in direzione del nemico, Lama posta orizzontalmente con indice esterno alla guardia.",Postura versatile per eccellenza,,,"[{""level"":1,""base_value"":0,""bonus_value"":0,""special_effect"":"""",""level_description"":""Ottiene vantaggio agli affondi ed i fendenti veloci.\nGli affondi ignorano resistenze passive dell'armatura, i fendenti ottengono vantaggio per colpire ma infliggono danni dimezzati.\nOttiene un grande vantaggio alle azioni di difesa ma l'altra mano non può essere usata.\nUsare la mano secondaria terminerà la postura.""},{""level"":2,""base_value"":0,""bonus_value"":0,""special_effect"":"""",""level_description"":""""},{""level"":3,""base_value"":0,""bonus_value"":0,""special_effect"":"""",""level_description"":""""},{""level"":4,""base_value"":0,""bonus_value"":0,""special_effect"":"""",""level_description"":""""},{""level"":5,""base_value"":0,""bonus_value"":0,""special_effect"":"""",""level_description"":""""},{""level"":6,""base_value"":0,""bonus_value"":0,""special_effect"":"""",""level_description"":""""},{""level"":7,""base_value"":0,""bonus_value"":0,""special_effect"":"""",""level_description"":""""},{""level"":8,""base_value"":0,""bonus_value"":0,""special_effect"":"""",""level_description"":""""},{""level"":9,""base_value"":0,""bonus_value"":0,""special_effect"":"""",""level_description"":""""},{""level"":10,""base_value"":0,""bonus_value"":0,""special_effect"":"""",""level_description"":""""}]",479ab18e-0df5-418a-86fd-6ffc4791250a,2025-09-10 21:35:59.720819+00,2025-09-10 21:35:59.720819+00
2cff975c-3c64-4a3a-aaab-71637cc52b6b,Postura falsificazionista,Passiva,Tecnico,Posture,Avanzata,"Con spade a due mani o una mano. 
Gamba del lato dominante posta in avanti ed incurvata oltre i 90 gradi. 
La seconda gamba invece deve essere pronta ad uno scatto in avanti.
La spada deve seguire la posizione della parte inferiore della gamba pronta allo scatto, rivolta indietro.",Postura di contrattacco ed inizio serie di risposta.,,,"[{""level"":1,""base_value"":0,""bonus_value"":0,""special_effect"":"""",""level_description"":""Vantaggio alle parate o Deviazioni vantaggio sulla propria offensiva che avvengono in seguito. \nLa postura iniziale è ottima sia per gli attacchi, richiamando una postura offensiva. \nSvantaggio contro gli attacchi alti veloci e le contro-difensive\n""},{""level"":2,""base_value"":0,""bonus_value"":0,""special_effect"":"""",""level_description"":""""},{""level"":3,""base_value"":0,""bonus_value"":0,""special_effect"":"""",""level_description"":""""},{""level"":4,""base_value"":0,""bonus_value"":0,""special_effect"":"""",""level_description"":""""},{""level"":5,""base_value"":0,""bonus_value"":0,""special_effect"":"""",""level_description"":""""},{""level"":6,""base_value"":0,""bonus_value"":0,""special_effect"":"""",""level_description"":""""},{""level"":7,""base_value"":0,""bonus_value"":0,""special_effect"":"""",""level_description"":""""},{""level"":8,""base_value"":0,""bonus_value"":0,""special_effect"":"""",""level_description"":""""},{""level"":9,""base_value"":0,""bonus_value"":0,""special_effect"":"""",""level_description"":""""},{""level"":10,""base_value"":0,""bonus_value"":0,""special_effect"":"""",""level_description"":""""}]",479ab18e-0df5-418a-86fd-6ffc4791250a,2025-09-18 22:13:13.477956+00,2025-09-18 22:13:13.477956+00
31734caf-4acf-42c7-9444-febcfafe9ab6,Postura cosmista,Passiva,Tecnico,Posture,Avanzata,"Con spade a due mani: Spada posta dritta leggermente inclinata sopra la testa.
Il pomolo deve essere ad altezza fronte ed il manico tenuto con entrambe le mani","Postura versatile, eccelle negli attacchi ed inizio serie",,,"[{""level"":1,""base_value"":0,""bonus_value"":0,""special_effect"":"""",""level_description"":""Vantaggio agli attacchi di inizio serie dall'alto, contrattacchi ed attacchi continuati dall'alto, il vantaggio continua sugli attacchi continuati\nSvantaggio a deviazione e parata sugli attacchi bassi e gli inizio serie in affodno""},{""level"":2,""base_value"":0,""bonus_value"":0,""special_effect"":"""",""level_description"":""""},{""level"":3,""base_value"":0,""bonus_value"":0,""special_effect"":"""",""level_description"":""""},{""level"":4,""base_value"":0,""bonus_value"":0,""special_effect"":"""",""level_description"":""""},{""level"":5,""base_value"":0,""bonus_value"":0,""special_effect"":"""",""level_description"":""""},{""level"":6,""base_value"":0,""bonus_value"":0,""special_effect"":"""",""level_description"":""""},{""level"":7,""base_value"":0,""bonus_value"":0,""special_effect"":"""",""level_description"":""""},{""level"":8,""base_value"":0,""bonus_value"":0,""special_effect"":"""",""level_description"":""""},{""level"":9,""base_value"":0,""bonus_value"":0,""special_effect"":"""",""level_description"":""""},{""level"":10,""base_value"":0,""bonus_value"":0,""special_effect"":"""",""level_description"":""""}]",479ab18e-0df5-418a-86fd-6ffc4791250a,2025-09-16 22:47:22.138122+00,2025-09-16 22:47:22.138122+00
317711c0-1b99-4b7f-9c02-960cb1b87ba8,Postura umanista,Passiva,Tecnico,Posture,Avanzata,"Solo spade a due mani: Gomito non dominante alzato ad altezza petto e laterale posto, gomito dominante alzato.
Arma stretta in posizione di affondo e lama poggiata di piatto sul braccio alzato verso il nemico. (opzionale per le finte)",Postura offensiva con facile intercambio tra offensiva e difensiva,,,"[{""level"":1,""base_value"":0,""bonus_value"":0,""special_effect"":"""",""level_description"":""Offre netto vantaggio agli affondi di apertura durante l'attacco ed offre una vasta gamma di finte. \nOffre vantaggio alle azioni di difesa e contrattacco durante la difesa, leggero svantaggio a schivata. \nUsare magie da mano interrompe la postura e lascia svantaggio magistrale alla difesa e leggero svantaggio al lancio di magie da mano""},{""level"":2,""base_value"":0,""bonus_value"":0,""special_effect"":"""",""level_description"":""""},{""level"":3,""base_value"":0,""bonus_value"":0,""special_effect"":"""",""level_description"":""""},{""level"":4,""base_value"":0,""bonus_value"":0,""special_effect"":"""",""level_description"":""""},{""level"":5,""base_value"":0,""bonus_value"":0,""special_effect"":"""",""level_description"":""""},{""level"":6,""base_value"":0,""bonus_value"":0,""special_effect"":"""",""level_description"":""""},{""level"":7,""base_value"":0,""bonus_value"":0,""special_effect"":"""",""level_description"":""""},{""level"":8,""base_value"":0,""bonus_value"":0,""special_effect"":"""",""level_description"":""""},{""level"":9,""base_value"":0,""bonus_value"":0,""special_effect"":"""",""level_description"":""""},{""level"":10,""base_value"":0,""bonus_value"":0,""special_effect"":"""",""level_description"":""""}]",479ab18e-0df5-418a-86fd-6ffc4791250a,2025-09-14 14:19:16.458935+00,2025-09-14 14:19:16.458935+00
40885b80-f20f-4723-8b82-7eb5eb6aea32,Postura trascendentalista,Passiva,Tecnico,Posture,Avanzata,Solo spade: Il manico deve essere tenuto laterale alla testa e la lama rivolta verso il basso non oltre i 60 gradi dal pomolo.,Postura versatile tra l'offensiva e la difensiva,,,"[{""level"":1,""base_value"":0,""bonus_value"":0,""special_effect"":"""",""level_description"":""Offre un vantaggio contro gli attacchi alti, colpi letali e attacchi pesanti.\nOffre inoltre un vantaggio alle risposte in Contrattacco agli attacchi bassi, tuttavia subisce svantaggio ad ogni altra azione contro attacchi bassi.\nDurante questa postura è possibile usare solo attacchi alti o affondi verso il basso.""},{""level"":2,""base_value"":0,""bonus_value"":0,""special_effect"":"""",""level_description"":""""},{""level"":3,""base_value"":0,""bonus_value"":0,""special_effect"":"""",""level_description"":""""},{""level"":4,""base_value"":0,""bonus_value"":0,""special_effect"":"""",""level_description"":""""},{""level"":5,""base_value"":0,""bonus_value"":0,""special_effect"":"""",""level_description"":""""},{""level"":6,""base_value"":0,""bonus_value"":0,""special_effect"":"""",""level_description"":""""},{""level"":7,""base_value"":0,""bonus_value"":0,""special_effect"":"""",""level_description"":""""},{""level"":8,""base_value"":0,""bonus_value"":0,""special_effect"":"""",""level_description"":""""},{""level"":9,""base_value"":0,""bonus_value"":0,""special_effect"":"""",""level_description"":""""},{""level"":10,""base_value"":0,""bonus_value"":0,""special_effect"":"""",""level_description"":""""}]",479ab18e-0df5-418a-86fd-6ffc4791250a,2025-09-10 21:09:32.534664+00,2025-09-10 21:09:32.534664+00
4534d774-b8e7-4705-8490-5cbeeeb3c33d,Riposta a parata,Attiva,Mischia Offensiva,Spada,Semplice,"(Solo doppia spada)
Para con svantaggio per avere vantaggio su un contrattacco con arma singola",Richiede parare prima di poter eseguire un affondo di riposta,,,"[{""level"":1,""base_value"":0,""bonus_value"":0,""special_effect"":"""",""level_description"":""Para con svantaggio per avere vantaggio su un contrattacco con arma singola""},{""level"":2,""base_value"":0,""bonus_value"":0,""special_effect"":"""",""level_description"":""Para con  leggero svantaggio per avere vantaggio su un contrattacco con arma singola""},{""level"":3,""base_value"":0,""bonus_value"":0,""special_effect"":"""",""level_description"":""Para per avere vantaggio su un contrattacco con arma singola""},{""level"":4,""base_value"":0,""bonus_value"":0,""special_effect"":"""",""level_description"":""""},{""level"":5,""base_value"":0,""bonus_value"":0,""special_effect"":"""",""level_description"":""""},{""level"":6,""base_value"":0,""bonus_value"":0,""special_effect"":"""",""level_description"":""""},{""level"":7,""base_value"":0,""bonus_value"":0,""special_effect"":"""",""level_description"":""""},{""level"":8,""base_value"":0,""bonus_value"":0,""special_effect"":"""",""level_description"":""""},{""level"":9,""base_value"":0,""bonus_value"":0,""special_effect"":"""",""level_description"":""""},{""level"":10,""base_value"":0,""bonus_value"":0,""special_effect"":"""",""level_description"":""""}]",479ab18e-0df5-418a-86fd-6ffc4791250a,2025-09-04 13:39:10.496522+00,2025-09-04 13:48:59.383823+00
51570b46-17b1-46e6-a63e-f7ce67decef3,Postura epicurea,Passiva,Tecnico,Posture,Semplice,"Con spade in mordhau, mazze o magli: Arma obliqua in verticale ad altezza petto.
La gamba sul lato dominante deve leggermente essere rivolta In avanti","Postura prevalentemente difensiva, tuttavia può anche essere usata per il azioni contro-offensive o contro-difensive.
Una delle poche pecche di questa postura é che è facile prevedere le mosse",,,"[{""level"":1,""base_value"":0,""bonus_value"":0,""special_effect"":"""",""level_description"":""Subisce metà danni durante tutta la durata della posa.\nSe la salute arriva a metà, subisce come danno il 50% della salute mancante\nGli attacchi hanno vantaggio al non venir Interrotti\nGrande svantaggio alla prima azione dopo che la postura viene interrotta per via della salute""},{""level"":2,""base_value"":0,""bonus_value"":0,""special_effect"":"""",""level_description"":""""},{""level"":3,""base_value"":0,""bonus_value"":0,""special_effect"":"""",""level_description"":""""},{""level"":4,""base_value"":0,""bonus_value"":0,""special_effect"":"""",""level_description"":""""},{""level"":5,""base_value"":0,""bonus_value"":0,""special_effect"":"""",""level_description"":""""},{""level"":6,""base_value"":0,""bonus_value"":0,""special_effect"":"""",""level_description"":""""},{""level"":7,""base_value"":0,""bonus_value"":0,""special_effect"":"""",""level_description"":""""},{""level"":8,""base_value"":0,""bonus_value"":0,""special_effect"":"""",""level_description"":""""},{""level"":9,""base_value"":0,""bonus_value"":0,""special_effect"":"""",""level_description"":""""},{""level"":10,""base_value"":0,""bonus_value"":0,""special_effect"":"""",""level_description"":""""}]",479ab18e-0df5-418a-86fd-6ffc4791250a,2025-09-12 19:33:10.095603+00,2025-09-12 19:33:10.095603+00
53791c5e-d4fb-42d7-9721-f48c7d16eb89,Postura del matto,Passiva,Tecnico,Posture,Avanzata,"Solo per Spade ad una o due mani
Arma poggiata sulla spalla con lama opposta al nemico e rivolta verso l'alto.
La mano (se) libera deve essere mobile e leggermente rivolta in avanti",Postura versatile volta al cambio e l'interscambio tra posture,,,"[{""level"":1,""base_value"":0,""bonus_value"":0,""special_effect"":"""",""level_description"":""Postura versatile che offre vantaggio alla prima azione non letale.\nIn seguito alla prima azione necessita di un cambio postura, altrimenti sarà considerata \""nessuna postura\""""},{""level"":2,""base_value"":0,""bonus_value"":0,""special_effect"":"""",""level_description"":""""},{""level"":3,""base_value"":0,""bonus_value"":0,""special_effect"":"""",""level_description"":""""},{""level"":4,""base_value"":0,""bonus_value"":0,""special_effect"":"""",""level_description"":""""},{""level"":5,""base_value"":0,""bonus_value"":0,""special_effect"":"""",""level_description"":""""},{""level"":6,""base_value"":0,""bonus_value"":0,""special_effect"":"""",""level_description"":""""},{""level"":7,""base_value"":0,""bonus_value"":0,""special_effect"":"""",""level_description"":""""},{""level"":8,""base_value"":0,""bonus_value"":0,""special_effect"":"""",""level_description"":""""},{""level"":9,""base_value"":0,""bonus_value"":0,""special_effect"":"""",""level_description"":""""},{""level"":10,""base_value"":0,""bonus_value"":0,""special_effect"":"""",""level_description"":""""}]",479ab18e-0df5-418a-86fd-6ffc4791250a,2025-09-04 00:21:29.996601+00,2025-09-04 13:43:09.58116+00
59443841-4be2-4d93-89bf-96065b1b83f1,Postura jungiana dell'ombra,Passiva,Tecnico,,Semplice,"Con spade laterali: Arma dentro il fodero, una mano sul manico e l'altra tra guardia e fodero, alternativa: postura da fendente d'estrazione senza avere l'arma rinfoderata.",Postura offensiva per attacchi iniziali ed inizio-serie,,,"[{""level"":1,""base_value"":0,""bonus_value"":0,""special_effect"":"""",""level_description"":""Offre netto vantaggio alla prima azione se viene eseguito un fendente pesante.\nIl fendente avrà le proprietà del fendente leggero con danni critici da fendente pesante.\nSe l'attacco riesce si ottiene vantaggio alla schivata fino a quando non si viene colpiti o fino a quando non si entra in postura con svantaggio a schivata""},{""level"":2,""base_value"":0,""bonus_value"":0,""special_effect"":"""",""level_description"":""""},{""level"":3,""base_value"":0,""bonus_value"":0,""special_effect"":"""",""level_description"":""""},{""level"":4,""base_value"":0,""bonus_value"":0,""special_effect"":"""",""level_description"":""""},{""level"":5,""base_value"":0,""bonus_value"":0,""special_effect"":"""",""level_description"":""""},{""level"":6,""base_value"":0,""bonus_value"":0,""special_effect"":"""",""level_description"":""""},{""level"":7,""base_value"":0,""bonus_value"":0,""special_effect"":"""",""level_description"":""""},{""level"":8,""base_value"":0,""bonus_value"":0,""special_effect"":"""",""level_description"":""""},{""level"":9,""base_value"":0,""bonus_value"":0,""special_effect"":"""",""level_description"":""""},{""level"":10,""base_value"":0,""bonus_value"":0,""special_effect"":"""",""level_description"":""""}]",479ab18e-0df5-418a-86fd-6ffc4791250a,2025-09-16 23:55:00.905972+00,2025-09-16 23:55:00.905972+00
5ac0e512-2045-4325-a878-f9ed61071202,Postura eristica,Passiva,Tecnico,Posture,Semplice,"Con spade: La spada deve seguire continuamente l'arma nemica, durante questa postura bisogna però tenere necessariamente le gambe solide e ferme.","Postura Contro-offensiva con grande vantaggio contro attacchi specifici, pecca molto contro le finte",,,"[{""level"":1,""base_value"":0,""bonus_value"":0,""special_effect"":"""",""level_description"":""Ottiene un netto vantaggio ad ogni azione difensiva fino a quando l'avversario non cambia modalità di attacco.""},{""level"":2,""base_value"":0,""bonus_value"":0,""special_effect"":"""",""level_description"":""""},{""level"":3,""base_value"":0,""bonus_value"":0,""special_effect"":"""",""level_description"":""""},{""level"":4,""base_value"":0,""bonus_value"":0,""special_effect"":"""",""level_description"":""""},{""level"":5,""base_value"":0,""bonus_value"":0,""special_effect"":"""",""level_description"":""""},{""level"":6,""base_value"":0,""bonus_value"":0,""special_effect"":"""",""level_description"":""""},{""level"":7,""base_value"":0,""bonus_value"":0,""special_effect"":"""",""level_description"":""""},{""level"":8,""base_value"":0,""bonus_value"":0,""special_effect"":"""",""level_description"":""""},{""level"":9,""base_value"":0,""bonus_value"":0,""special_effect"":"""",""level_description"":""""},{""level"":10,""base_value"":0,""bonus_value"":0,""special_effect"":"""",""level_description"":""""}]",479ab18e-0df5-418a-86fd-6ffc4791250a,2025-09-10 21:05:08.250822+00,2025-09-10 21:05:08.250822+00
5f71ae84-eef3-46b6-932a-35181f0f2fba,Postura romantica,Passiva,Tecnico,Posture,Suprema,"Solo spade ad una mano: Postura offensiva Braccio leggermente inclinato, gomito alzato e mano rivolta verso il basso",Postura offensiva e versatile volta a riprendere controllo,,,"[{""level"":1,""base_value"":0,""bonus_value"":0,""special_effect"":"""",""level_description"":""Gli attacchi con grave svantaggio ottengono vantaggio a colpire e rendono più gravi i danni inflitti maggiore è il rischio \nVantaggio generale agli affondi ""},{""level"":2,""base_value"":0,""bonus_value"":0,""special_effect"":"""",""level_description"":""""},{""level"":3,""base_value"":0,""bonus_value"":0,""special_effect"":"""",""level_description"":""""},{""level"":4,""base_value"":0,""bonus_value"":0,""special_effect"":"""",""level_description"":""""},{""level"":5,""base_value"":0,""bonus_value"":0,""special_effect"":"""",""level_description"":""""},{""level"":6,""base_value"":0,""bonus_value"":0,""special_effect"":"""",""level_description"":""""},{""level"":7,""base_value"":0,""bonus_value"":0,""special_effect"":"""",""level_description"":""""},{""level"":8,""base_value"":0,""bonus_value"":0,""special_effect"":"""",""level_description"":""""},{""level"":9,""base_value"":0,""bonus_value"":0,""special_effect"":"""",""level_description"":""""},{""level"":10,""base_value"":0,""bonus_value"":0,""special_effect"":"""",""level_description"":""""}]",479ab18e-0df5-418a-86fd-6ffc4791250a,2025-09-10 21:37:38.640027+00,2025-09-10 21:37:38.640027+00
631bc0e5-6ae7-4159-9742-46e695a061a8,Fendente continuato,Attiva,Mischia Offensiva,Spada,Avanzata,Permette di eseguire un affondo in seguito ad una azione difensiva nemica,,,,"[{""level"":1,""base_value"":0,""bonus_value"":0,""special_effect"":"""",""level_description"":""Esegue un affondo in seguito ad una parata nemica \n+ danno equipaggiamento""},{""level"":2,""base_value"":0,""bonus_value"":0,""special_effect"":"""",""level_description"":""Esegue un affondo in seguito ad una parata nemica con leggero vantaggio\n+ danno equipaggiamento""},{""level"":3,""base_value"":0,""bonus_value"":0,""special_effect"":"""",""level_description"":""Esegue un affondo in seguito ad una parata nemica con del discreto vantaggio\n+ danno equipaggiamento""},{""level"":4,""base_value"":0,""bonus_value"":0,""special_effect"":"""",""level_description"":""Esegue un affondo in seguito ad una parata o deviazione nemica con del discreto vantaggio\n+ danno equipaggiamento""},{""level"":5,""base_value"":0,""bonus_value"":0,""special_effect"":"""",""level_description"":""Esegue un affondo in seguito ad una parata o una deviazione nemica con vantaggio\n+ danno equipaggiamento""},{""level"":6,""base_value"":0,""bonus_value"":0,""special_effect"":"""",""level_description"":""""},{""level"":7,""base_value"":0,""bonus_value"":0,""special_effect"":"""",""level_description"":""""},{""level"":8,""base_value"":0,""bonus_value"":0,""special_effect"":"""",""level_description"":""""},{""level"":9,""base_value"":0,""bonus_value"":0,""special_effect"":"""",""level_description"":""""},{""level"":10,""base_value"":0,""bonus_value"":0,""special_effect"":"""",""level_description"":""""}]",479ab18e-0df5-418a-86fd-6ffc4791250a,2025-09-14 12:55:17.825855+00,2025-09-14 13:02:24.258275+00
6a1346b4-18eb-4a90-8b34-d7d9a07cd21d,Postura esistenzialista,Passiva,Tecnico,Posture,Semplice,"Arma ad altezza media, rivolta verso l'esterno",Postura offensiva volta all'essere ossessivi negli scontri,,,"[{""level"":1,""base_value"":0,""bonus_value"":0,""special_effect"":"""",""level_description"":""Aumenta progressivamente i danni consecutivi e cura progressivamente\nAumenta i danni subiti se la serie viene interrotta venendo. Colpiti.""},{""level"":2,""base_value"":0,""bonus_value"":0,""special_effect"":"""",""level_description"":""""},{""level"":3,""base_value"":0,""bonus_value"":0,""special_effect"":"""",""level_description"":""""},{""level"":4,""base_value"":0,""bonus_value"":0,""special_effect"":"""",""level_description"":""""},{""level"":5,""base_value"":0,""bonus_value"":0,""special_effect"":"""",""level_description"":""""},{""level"":6,""base_value"":0,""bonus_value"":0,""special_effect"":"""",""level_description"":""""},{""level"":7,""base_value"":0,""bonus_value"":0,""special_effect"":"""",""level_description"":""""},{""level"":8,""base_value"":0,""bonus_value"":0,""special_effect"":"""",""level_description"":""""},{""level"":9,""base_value"":0,""bonus_value"":0,""special_effect"":"""",""level_description"":""""},{""level"":10,""base_value"":0,""bonus_value"":0,""special_effect"":"""",""level_description"":""""}]",479ab18e-0df5-418a-86fd-6ffc4791250a,2025-09-10 20:33:46.663171+00,2025-09-10 20:33:46.663171+00
79511436-82f4-42ad-8097-8b28fdbd5cc4,Postura della redenzione,Passiva,Tecnico,Posture,Avanzata,"Con spade a una mano precise: braccio non dominante posto sotto la lama, la spada invece tenuta in posizione di affondo poggiata di piatto sul dorso dell'avambraccio","Postura volta a far collaborare magia con attacchi fisici, ha anche varianti comode in base alla struttura d'attacco",,,"[{""level"":1,""base_value"":0,""bonus_value"":0,""special_effect"":"""",""level_description"":""Questa postura ha fendenti di slancio i quali sono perfetti contro una postura non definita o puramente offensiva, tuttavia le deviazioni nemiche hanno un impatto maggiore.\nil braccio va ritratto verso il petto durante i fendenti, ottimo per lanciare mosse offensive\nDurante affondi invece il braccio non dominante deve offrire sostegno all'altro lasciando la mano aperta e rivolta verso l'alto, ottimo per lanciare mosse difensive.\nLa posizione di base offre vantaggio alle magie, tuttavia pecca notevolmente nella difesa fisica salvo mezza spada""},{""level"":2,""base_value"":0,""bonus_value"":0,""special_effect"":"""",""level_description"":""""},{""level"":3,""base_value"":0,""bonus_value"":0,""special_effect"":"""",""level_description"":""""},{""level"":4,""base_value"":0,""bonus_value"":0,""special_effect"":"""",""level_description"":""""},{""level"":5,""base_value"":0,""bonus_value"":0,""special_effect"":"""",""level_description"":""""},{""level"":6,""base_value"":0,""bonus_value"":0,""special_effect"":"""",""level_description"":""""},{""level"":7,""base_value"":0,""bonus_value"":0,""special_effect"":"""",""level_description"":""""},{""level"":8,""base_value"":0,""bonus_value"":0,""special_effect"":"""",""level_description"":""""},{""level"":9,""base_value"":0,""bonus_value"":0,""special_effect"":"""",""level_description"":""""},{""level"":10,""base_value"":0,""bonus_value"":0,""special_effect"":"""",""level_description"":""""}]",479ab18e-0df5-418a-86fd-6ffc4791250a,2025-09-16 23:43:16.720598+00,2025-09-16 23:43:16.720598+00
7ba87284-18c9-4236-9e6c-8793b0f47d81,Postura scettica,Passiva,Tecnico,Posture,Semplice,"Con spada versatile e fodero solido da impugnare: Nella mano dominante viene tenuta la spada, nella seconda viene invece tenuto il manico in postura riversa o normale.",Postura adeguata ad uno stile di combattimento a doppia arma con una sola spada,,,"[{""level"":1,""base_value"":0,""bonus_value"":0,""special_effect"":"""",""level_description"":""Permette all'utilizzatore di usare un arma da taglio ed una contundente.\nNessun vantaggio o svantaggio particolare""},{""level"":2,""base_value"":0,""bonus_value"":0,""special_effect"":"""",""level_description"":""""},{""level"":3,""base_value"":0,""bonus_value"":0,""special_effect"":"""",""level_description"":""""},{""level"":4,""base_value"":0,""bonus_value"":0,""special_effect"":"""",""level_description"":""""},{""level"":5,""base_value"":0,""bonus_value"":0,""special_effect"":"""",""level_description"":""""},{""level"":6,""base_value"":0,""bonus_value"":0,""special_effect"":"""",""level_description"":""""},{""level"":7,""base_value"":0,""bonus_value"":0,""special_effect"":"""",""level_description"":""""},{""level"":8,""base_value"":0,""bonus_value"":0,""special_effect"":"""",""level_description"":""""},{""level"":9,""base_value"":0,""bonus_value"":0,""special_effect"":"""",""level_description"":""""},{""level"":10,""base_value"":0,""bonus_value"":0,""special_effect"":"""",""level_description"":""""}]",479ab18e-0df5-418a-86fd-6ffc4791250a,2025-09-18 14:01:11.817106+00,2025-09-18 14:01:11.817106+00
805b5f2f-a11f-4d48-92c5-3fa934e43a49,Postura empirica,Passiva,Tecnico,Posture,Avanzata,"Con spade ad una mano: Arma in postura versatile, gambe divaricate, mano libera posta in direzione inversa dell'arma, la quale invece rivolta verso il nemico a braccio teso per creare spazio.",Postura volta ad aumentare le capacità percettive.,,,"[{""level"":1,""base_value"":0,""bonus_value"":0,""special_effect"":"""",""level_description"":""Non gode di vantaggi naturali, ma aumenta le capacità percettive dello scontro, percependo meglio finte, e permettendo risposte con l'ausilio della mano libera.""},{""level"":2,""base_value"":0,""bonus_value"":0,""special_effect"":"""",""level_description"":""""},{""level"":3,""base_value"":0,""bonus_value"":0,""special_effect"":"""",""level_description"":""""},{""level"":4,""base_value"":0,""bonus_value"":0,""special_effect"":"""",""level_description"":""""},{""level"":5,""base_value"":0,""bonus_value"":0,""special_effect"":"""",""level_description"":""""},{""level"":6,""base_value"":0,""bonus_value"":0,""special_effect"":"""",""level_description"":""""},{""level"":7,""base_value"":0,""bonus_value"":0,""special_effect"":"""",""level_description"":""""},{""level"":8,""base_value"":0,""bonus_value"":0,""special_effect"":"""",""level_description"":""""},{""level"":9,""base_value"":0,""bonus_value"":0,""special_effect"":"""",""level_description"":""""},{""level"":10,""base_value"":0,""bonus_value"":0,""special_effect"":"""",""level_description"":""""}]",479ab18e-0df5-418a-86fd-6ffc4791250a,2025-09-10 20:58:45.573509+00,2025-09-10 20:58:45.573509+00
832a4f75-09ae-4732-8f9d-e7ffd8c59ef8,Postura realista,Passiva,Tecnico,Posture,Semplice,"Con spade a due mani o una mano: Arma continuamente tenuta in mezza spada. 
Braccio non dominante inclinato a 90 gradi con presa riversa sulla lama.
Braccio dominante sul manico","Postura difensiva eccellente, per quanto sia prevedibile il danno conta sempre critico.",,,"[{""level"":1,""base_value"":0,""bonus_value"":0,""special_effect"":"""",""level_description"":""Postura difensiva e volta al Contrattacco in manovra a mezza spada e manovre fisiche.\nVantaggio sulle parate, Deviazioni e contrattacchi. \nVantaggio sulla ripresa da fallimenti alle finte.\nPuò solo eseguire attacchi leggeri, affondi e mordhau. \nSvantaggio sulla distanza. \nDifesa prevedibile, svantaggio leggero su schivata\n""},{""level"":2,""base_value"":0,""bonus_value"":0,""special_effect"":"""",""level_description"":""""},{""level"":3,""base_value"":0,""bonus_value"":0,""special_effect"":"""",""level_description"":""""},{""level"":4,""base_value"":0,""bonus_value"":0,""special_effect"":"""",""level_description"":""""},{""level"":5,""base_value"":0,""bonus_value"":0,""special_effect"":"""",""level_description"":""""},{""level"":6,""base_value"":0,""bonus_value"":0,""special_effect"":"""",""level_description"":""""},{""level"":7,""base_value"":0,""bonus_value"":0,""special_effect"":"""",""level_description"":""""},{""level"":8,""base_value"":0,""bonus_value"":0,""special_effect"":"""",""level_description"":""""},{""level"":9,""base_value"":0,""bonus_value"":0,""special_effect"":"""",""level_description"":""""},{""level"":10,""base_value"":0,""bonus_value"":0,""special_effect"":"""",""level_description"":""""}]",479ab18e-0df5-418a-86fd-6ffc4791250a,2025-09-16 21:51:34.800246+00,2025-09-16 21:51:34.800246+00
882dc83a-a767-4a74-8646-49e2de86d9be,"Postura jungiana dell'anima, animus",Passiva,Tecnico,Posture,Avanzata,"Con doppie spade ad una mano: entrambe le Spade ad altezza petto, quella sopra rivolta in direzione opposta all'avversario e quella sotto rivolta in direzione nemica.
Le armi devono essere perpendicolari e la posizione può essere scambiata.","Postura completa con diverse variabili, ottima per gli attacchi ossessivi",,,"[{""level"":1,""base_value"":0,""bonus_value"":0,""special_effect"":"""",""level_description"":""Durante questa postura I colpi ossessivi sono più veloci,\nLa serie continua di attacchi può continuare Malgrado Deviazioni e parate, basta non essere stati completamente fermati. \nOttiene anche un Contrattacco doppio da affondo. \nOttiene svantaggio se la serie viene interrotta, svantaggio anche se la serie di colpi effettuati risultano scomodi""},{""level"":2,""base_value"":0,""bonus_value"":0,""special_effect"":"""",""level_description"":""""},{""level"":3,""base_value"":0,""bonus_value"":0,""special_effect"":"""",""level_description"":""""},{""level"":4,""base_value"":0,""bonus_value"":0,""special_effect"":"""",""level_description"":""""},{""level"":5,""base_value"":0,""bonus_value"":0,""special_effect"":"""",""level_description"":""""},{""level"":6,""base_value"":0,""bonus_value"":0,""special_effect"":"""",""level_description"":""""},{""level"":7,""base_value"":0,""bonus_value"":0,""special_effect"":"""",""level_description"":""""},{""level"":8,""base_value"":0,""bonus_value"":0,""special_effect"":"""",""level_description"":""""},{""level"":9,""base_value"":0,""bonus_value"":0,""special_effect"":"""",""level_description"":""""},{""level"":10,""base_value"":0,""bonus_value"":0,""special_effect"":"""",""level_description"":""""}]",479ab18e-0df5-418a-86fd-6ffc4791250a,2025-09-16 23:56:42.727229+00,2025-09-16 23:56:42.727229+00
8853f06f-3336-4a66-b7a8-2cf7d60b26fe,Postura freudiana,Passiva,Tecnico,Posture,Semplice,Con spade a due mani: mani poste sull'impugnatura in modo classico ad altezza inguinale rivolta in direzione obliqua verso il nemico,Postura offensiva semplice ottima per gli scontri a breve durata,,,"[{""level"":1,""base_value"":0,""bonus_value"":0,""special_effect"":"""",""level_description"":""Postura offensiva provocatoria, ottima nel Contrattacco o negli affondi.\nPecca nella schivata e nell'utilizzo a lungo termine.""},{""level"":2,""base_value"":0,""bonus_value"":0,""special_effect"":"""",""level_description"":""""},{""level"":3,""base_value"":0,""bonus_value"":0,""special_effect"":"""",""level_description"":""""},{""level"":4,""base_value"":0,""bonus_value"":0,""special_effect"":"""",""level_description"":""""},{""level"":5,""base_value"":0,""bonus_value"":0,""special_effect"":"""",""level_description"":""""},{""level"":6,""base_value"":0,""bonus_value"":0,""special_effect"":"""",""level_description"":""""},{""level"":7,""base_value"":0,""bonus_value"":0,""special_effect"":"""",""level_description"":""""},{""level"":8,""base_value"":0,""bonus_value"":0,""special_effect"":"""",""level_description"":""""},{""level"":9,""base_value"":0,""bonus_value"":0,""special_effect"":"""",""level_description"":""""},{""level"":10,""base_value"":0,""bonus_value"":0,""special_effect"":"""",""level_description"":""""}]",479ab18e-0df5-418a-86fd-6ffc4791250a,2025-09-16 23:50:42.512927+00,2025-09-16 23:50:42.512927+00
94300d2d-fd80-40d4-b4c8-f3dacd13e6f6,Postura assurdista,Passiva,Tecnico,Posture,Avanzata,"Con tutte le spade: Arma tenuta sopra la testa, con impugnatura a sinistra perpendicolare alla testa",Postura volta alla difesa.,,,"[{""level"":1,""base_value"":0,""bonus_value"":0,""special_effect"":"""",""level_description"":""Vantaggio su schivate, Deviazioni leggere e leggero vantaggio contrattacchi \nSvantaggio su ogni azione di combattimento puro""},{""level"":2,""base_value"":0,""bonus_value"":0,""special_effect"":"""",""level_description"":""""},{""level"":3,""base_value"":0,""bonus_value"":0,""special_effect"":"""",""level_description"":""""},{""level"":4,""base_value"":0,""bonus_value"":0,""special_effect"":"""",""level_description"":""""},{""level"":5,""base_value"":0,""bonus_value"":0,""special_effect"":"""",""level_description"":""""},{""level"":6,""base_value"":0,""bonus_value"":0,""special_effect"":"""",""level_description"":""""},{""level"":7,""base_value"":0,""bonus_value"":0,""special_effect"":"""",""level_description"":""""},{""level"":8,""base_value"":0,""bonus_value"":0,""special_effect"":"""",""level_description"":""""},{""level"":9,""base_value"":0,""bonus_value"":0,""special_effect"":"""",""level_description"":""""},{""level"":10,""base_value"":0,""bonus_value"":0,""special_effect"":"""",""level_description"":""""}]",479ab18e-0df5-418a-86fd-6ffc4791250a,2025-09-10 21:32:08.569319+00,2025-09-10 21:32:08.569319+00
96c3da06-58ba-4b52-898c-96d8f3a1fa99,Postura anarchica,Passiva,Tecnico,Posture,Avanzata,Con tutte le armi: Arma rivolta dietro la nuca passante sopra la spalla.,Postura semi-offensiva e contro-difensiva.,,,"[{""level"":1,""base_value"":0,""bonus_value"":0,""special_effect"":"""",""level_description"":""Postura che offre vantaggio ed aumento dei danni agli attacchi che prevedono fendenti.\nSfavorisce Azioni di difesa eccetto assassini ed attacchi fisici da dietro.""},{""level"":2,""base_value"":0,""bonus_value"":0,""special_effect"":"""",""level_description"":""""},{""level"":3,""base_value"":0,""bonus_value"":0,""special_effect"":"""",""level_description"":""""},{""level"":4,""base_value"":0,""bonus_value"":0,""special_effect"":"""",""level_description"":""""},{""level"":5,""base_value"":0,""bonus_value"":0,""special_effect"":"""",""level_description"":""""},{""level"":6,""base_value"":0,""bonus_value"":0,""special_effect"":"""",""level_description"":""""},{""level"":7,""base_value"":0,""bonus_value"":0,""special_effect"":"""",""level_description"":""""},{""level"":8,""base_value"":0,""bonus_value"":0,""special_effect"":"""",""level_description"":""""},{""level"":9,""base_value"":0,""bonus_value"":0,""special_effect"":"""",""level_description"":""""},{""level"":10,""base_value"":0,""bonus_value"":0,""special_effect"":"""",""level_description"":""""}]",479ab18e-0df5-418a-86fd-6ffc4791250a,2025-09-10 21:11:57.525984+00,2025-09-10 21:11:57.525984+00
97fa9c41-c696-4897-bd8f-77fc6e1e4e97,Postura platonica,Passiva,Tecnico,Posture,Avanzata,Solo spade ad una mano: Postura ad arma alta e rivolta verso il basso e mano libera dietro la schiena,Postura versatile volta ad applicare pressione ed agli affondi.,,,"[{""level"":1,""base_value"":0,""bonus_value"":0,""special_effect"":"""",""level_description"":""La postura permette vantaggio netto contro attacchi bassi, è l'unica postura che permette di terminare un attacco a finta o di farlo volgere verso una qualsiasi manovra o azione di difesa\nFornisce svantaggio netto alle azioni di attacco basse o attacchi pesanti""},{""level"":2,""base_value"":0,""bonus_value"":0,""special_effect"":"""",""level_description"":""""},{""level"":3,""base_value"":0,""bonus_value"":0,""special_effect"":"""",""level_description"":""""},{""level"":4,""base_value"":0,""bonus_value"":0,""special_effect"":"""",""level_description"":""""},{""level"":5,""base_value"":0,""bonus_value"":0,""special_effect"":"""",""level_description"":""""},{""level"":6,""base_value"":0,""bonus_value"":0,""special_effect"":"""",""level_description"":""""},{""level"":7,""base_value"":0,""bonus_value"":0,""special_effect"":"""",""level_description"":""""},{""level"":8,""base_value"":0,""bonus_value"":0,""special_effect"":"""",""level_description"":""""},{""level"":9,""base_value"":0,""bonus_value"":0,""special_effect"":"""",""level_description"":""""},{""level"":10,""base_value"":0,""bonus_value"":0,""special_effect"":"""",""level_description"":""""}]",479ab18e-0df5-418a-86fd-6ffc4791250a,2025-09-10 21:20:40.945268+00,2025-09-10 21:20:40.945268+00
98f1f2bb-7d56-4501-bd2c-190bb6b6ca14,Cornuto e mazziato.,Attiva,Mischia Offensiva,Spada,Avanzata,Esegue un secondo colpo dopo aver eseguito un fendente.,Necessita conoscenza del combattimento tecnico,,,"[{""level"":1,""base_value"":0,""bonus_value"":0,""special_effect"":"""",""level_description"":""Esegue un secondo colpo che infligge il 25% del danno del primo colpo.\nDanno assicurato.\n+ danno arma""},{""level"":2,""base_value"":0,""bonus_value"":0,""special_effect"":"""",""level_description"":""Esegue un secondo colpo che infligge il 50% del danno del primo colpo.\nDanno assicurato.\n+ danno arma""},{""level"":3,""base_value"":0,""bonus_value"":0,""special_effect"":"""",""level_description"":""Esegue un secondo colpo che infligge ilo stesso danno del primo colpo.\nDanno assicurato.\n+ danno arma""},{""level"":4,""base_value"":0,""bonus_value"":0,""special_effect"":"""",""level_description"":""""},{""level"":5,""base_value"":0,""bonus_value"":0,""special_effect"":"""",""level_description"":""""},{""level"":6,""base_value"":0,""bonus_value"":0,""special_effect"":"""",""level_description"":""""},{""level"":7,""base_value"":0,""bonus_value"":0,""special_effect"":"""",""level_description"":""""},{""level"":8,""base_value"":0,""bonus_value"":0,""special_effect"":"""",""level_description"":""""},{""level"":9,""base_value"":0,""bonus_value"":0,""special_effect"":"""",""level_description"":""""},{""level"":10,""base_value"":0,""bonus_value"":0,""special_effect"":"""",""level_description"":""""}]",479ab18e-0df5-418a-86fd-6ffc4791250a,2025-09-15 12:32:27.739327+00,2025-09-15 12:32:27.739327+00
9d7d1bb3-892a-4152-a1c2-ecdf0242eb7c,Postura dualista,Passiva,Tecnico,Posture,Avanzata,Solo con due armi: Entrambe la armi rivolte verso il basso con inclinazione speculare massima di 30 gradi.,Postura versatile con la possibilità di diversi cambi.,,,"[{""level"":1,""base_value"":0,""bonus_value"":0,""special_effect"":"""",""level_description"":""/ var. Un Arma sulla spalla ed una inclinata di 30 gradi massimo. \n\nPostura provocatoria, offre vantaggio leggero alle azioni di attacco fisico e difesa fisica.\nSvantaggio alle altre azioni. \n\n/var.\n\nOffre vantaggio agli attacchi fisici magici e difesa magica\n""},{""level"":2,""base_value"":0,""bonus_value"":0,""special_effect"":"""",""level_description"":""""},{""level"":3,""base_value"":0,""bonus_value"":0,""special_effect"":"""",""level_description"":""""},{""level"":4,""base_value"":0,""bonus_value"":0,""special_effect"":"""",""level_description"":""""},{""level"":5,""base_value"":0,""bonus_value"":0,""special_effect"":"""",""level_description"":""""},{""level"":6,""base_value"":0,""bonus_value"":0,""special_effect"":"""",""level_description"":""""},{""level"":7,""base_value"":0,""bonus_value"":0,""special_effect"":"""",""level_description"":""""},{""level"":8,""base_value"":0,""bonus_value"":0,""special_effect"":"""",""level_description"":""""},{""level"":9,""base_value"":0,""bonus_value"":0,""special_effect"":"""",""level_description"":""""},{""level"":10,""base_value"":0,""bonus_value"":0,""special_effect"":"""",""level_description"":""""}]",479ab18e-0df5-418a-86fd-6ffc4791250a,2025-09-10 21:28:53.215408+00,2025-09-10 21:28:53.215408+00
9f68c937-76fc-4f9d-9afd-585699c64a88,Postura sofista,Passiva,Tecnico,Posture,Suprema,"Solo spade ad una mano: Arma posta dietro la schiena verso la zona lombale.
La lama deve essere rivolta in orizzontale con una massima inclinazione di 30 gradi.","Postura contro-offensiva per eccellenza, ottima anche per finte e cambi posture.",,,"[{""level"":1,""base_value"":0,""bonus_value"":0,""special_effect"":"""",""level_description"":""La mano secondaria deve essere libera e pronta ad una manovra \nIl corpo deve essere esposto in direzione laterale / frontale all'avversario \nRende per Celare la posizione, lunghezza ed azione all'avversario.\nEccelle nelle finte e negli affondi. \nSubisce gravi danni se colpiti""},{""level"":2,""base_value"":0,""bonus_value"":0,""special_effect"":"""",""level_description"":""""},{""level"":3,""base_value"":0,""bonus_value"":0,""special_effect"":"""",""level_description"":""""},{""level"":4,""base_value"":0,""bonus_value"":0,""special_effect"":"""",""level_description"":""""},{""level"":5,""base_value"":0,""bonus_value"":0,""special_effect"":"""",""level_description"":""""},{""level"":6,""base_value"":0,""bonus_value"":0,""special_effect"":"""",""level_description"":""""},{""level"":7,""base_value"":0,""bonus_value"":0,""special_effect"":"""",""level_description"":""""},{""level"":8,""base_value"":0,""bonus_value"":0,""special_effect"":"""",""level_description"":""""},{""level"":9,""base_value"":0,""bonus_value"":0,""special_effect"":"""",""level_description"":""""},{""level"":10,""base_value"":0,""bonus_value"":0,""special_effect"":"""",""level_description"":""""}]",479ab18e-0df5-418a-86fd-6ffc4791250a,2025-09-10 21:17:27.983653+00,2025-09-10 21:17:27.983653+00
9fc13cf1-d661-4627-ac81-4ce45007b497,Manovre ad asta,Attiva,Mischia Offensiva,Armi inastate,Semplice,Permette l'utilizzo delle manovre combative con armi ad asta,,,,"[{""level"":1,""base_value"":0,""bonus_value"":0,""special_effect"":"""",""level_description"":""Permette le manovre con asta riducendo lo svantaggio naturale ""},{""level"":2,""base_value"":0,""bonus_value"":0,""special_effect"":"""",""level_description"":""Permette le manovre con asta eliminando lo svantaggio naturale ""},{""level"":3,""base_value"":0,""bonus_value"":0,""special_effect"":"""",""level_description"":""Permette le manovre più complesse con asta eliminando lo svantaggio naturale ""},{""level"":4,""base_value"":0,""bonus_value"":0,""special_effect"":"""",""level_description"":""""},{""level"":5,""base_value"":0,""bonus_value"":0,""special_effect"":"""",""level_description"":""""},{""level"":6,""base_value"":0,""bonus_value"":0,""special_effect"":"""",""level_description"":""""},{""level"":7,""base_value"":0,""bonus_value"":0,""special_effect"":"""",""level_description"":""""},{""level"":8,""base_value"":0,""bonus_value"":0,""special_effect"":"""",""level_description"":""""},{""level"":9,""base_value"":0,""bonus_value"":0,""special_effect"":"""",""level_description"":""""},{""level"":10,""base_value"":0,""bonus_value"":0,""special_effect"":"""",""level_description"":""""}]",479ab18e-0df5-418a-86fd-6ffc4791250a,2025-09-10 15:00:50.891531+00,2025-09-10 15:00:50.891531+00
a0537f00-673a-427e-855a-1cef00e0e01c,Postura Fanonista:,Passiva,Tecnico,Posture,Avanzata,"Spade, Asce, Martelli - una e due mani e colossali: Corpo chiuso su sé stesso, arma inclinata a 60 gradi con la filatura rivolta in direzione nemica",Postura versatile utile contro più serie di nemici,,,"[{""level"":1,""base_value"":0,""bonus_value"":0,""special_effect"":"""",""level_description"":""Aumenta le capacità di scontro multiplo permettendo di eseguire un singolo tiro per parare, deviare o contrattaccare grande quantitativi di nemici.\nPermette di reagire ad ogni mossa nemica se in inferiorità numerica.\nSe non sono presenti alleati nelle vicinanze la postura perde totalmente la propria efficacia""},{""level"":2,""base_value"":0,""bonus_value"":0,""special_effect"":"""",""level_description"":""""},{""level"":3,""base_value"":0,""bonus_value"":0,""special_effect"":"""",""level_description"":""""},{""level"":4,""base_value"":0,""bonus_value"":0,""special_effect"":"""",""level_description"":""""},{""level"":5,""base_value"":0,""bonus_value"":0,""special_effect"":"""",""level_description"":""""},{""level"":6,""base_value"":0,""bonus_value"":0,""special_effect"":"""",""level_description"":""""},{""level"":7,""base_value"":0,""bonus_value"":0,""special_effect"":"""",""level_description"":""""},{""level"":8,""base_value"":0,""bonus_value"":0,""special_effect"":"""",""level_description"":""""},{""level"":9,""base_value"":0,""bonus_value"":0,""special_effect"":"""",""level_description"":""""},{""level"":10,""base_value"":0,""bonus_value"":0,""special_effect"":"""",""level_description"":""""}]",479ab18e-0df5-418a-86fd-6ffc4791250a,2025-09-10 21:42:12.295229+00,2025-09-10 21:42:12.295229+00
a435e27b-ff37-485e-817c-b8dbe667fc0e,Postura macchiavellica,Passiva,Tecnico,Posture,Semplice,"Spada e scudo: Scudo rivolto In direzione nemica, spada rivolta verso l'interno dello scudo, possibilmente verso la parte più debole (punta)",Postura contro-offensiva volta ad eseguire una risposta,,,"[{""level"":1,""base_value"":0,""bonus_value"":0,""special_effect"":"""",""level_description"":""Garantisce parata e Deviazioni leggere, tuttavia eseguire una risposta comporta il termine della postura""},{""level"":2,""base_value"":0,""bonus_value"":0,""special_effect"":"""",""level_description"":""""},{""level"":3,""base_value"":0,""bonus_value"":0,""special_effect"":"""",""level_description"":""""},{""level"":4,""base_value"":0,""bonus_value"":0,""special_effect"":"""",""level_description"":""""},{""level"":5,""base_value"":0,""bonus_value"":0,""special_effect"":"""",""level_description"":""""},{""level"":6,""base_value"":0,""bonus_value"":0,""special_effect"":"""",""level_description"":""""},{""level"":7,""base_value"":0,""bonus_value"":0,""special_effect"":"""",""level_description"":""""},{""level"":8,""base_value"":0,""bonus_value"":0,""special_effect"":"""",""level_description"":""""},{""level"":9,""base_value"":0,""bonus_value"":0,""special_effect"":"""",""level_description"":""""},{""level"":10,""base_value"":0,""bonus_value"":0,""special_effect"":"""",""level_description"":""""}]",479ab18e-0df5-418a-86fd-6ffc4791250a,2025-09-10 21:01:18.251934+00,2025-09-10 21:01:18.251934+00
a9cf0849-97f1-4008-bf7d-f1bb7dce734b,Canale di comunicazione mentale,Passiva,Logica,Telecinesi,Semplice,Permette di creare canali di comunicazione mentale.,,,,"[{""level"":1,""base_value"":0,""bonus_value"":0,""special_effect"":"""",""level_description"":""Richiede accesso per creare un canale mentale con solo comunicazione vocale mentale con solo le persone visibili""},{""level"":2,""base_value"":0,""bonus_value"":0,""special_effect"":"""",""level_description"":""Richiede accesso per creare un canale mentale con solo comunicazione vocale ed immagini della propria memoria mentale con le persone vicine""},{""level"":3,""base_value"":0,""bonus_value"":0,""special_effect"":"""",""level_description"":""Richiede accesso per creare un canale mentale con solo comunicazione vocale, immagini e video della propria memoria mentale con persone vicine""},{""level"":4,""base_value"":0,""bonus_value"":0,""special_effect"":"""",""level_description"":""Richiede accesso per creare un canale mentale con solo comunicazione vocale, immagini e video della propria memoria mentale con persone in un grande raggio""},{""level"":5,""base_value"":0,""bonus_value"":0,""special_effect"":"""",""level_description"":""accedi alla mente delle persone con livello inferiore per creare un canale mentale con solo comunicazione vocale, immagini e video della propria memoria mentale con persone in un grande raggio""},{""level"":6,""base_value"":0,""bonus_value"":0,""special_effect"":"""",""level_description"":""accedi alla mente delle persone con livello inferiore per creare un canale mentale con comunicazione vocale, immagini e video della propria memoria mentale con persone in un grande raggio""},{""level"":7,""base_value"":0,""bonus_value"":0,""special_effect"":"""",""level_description"":""""},{""level"":8,""base_value"":0,""bonus_value"":0,""special_effect"":"""",""level_description"":""""},{""level"":9,""base_value"":0,""bonus_value"":0,""special_effect"":"""",""level_description"":""""},{""level"":10,""base_value"":0,""bonus_value"":0,""special_effect"":"""",""level_description"":""""}]",479ab18e-0df5-418a-86fd-6ffc4791250a,2025-09-17 22:01:48.12594+00,2025-09-17 22:01:48.12594+00
af5e3917-adca-468e-a4cf-384e0c2c4c30,Postura tominista,Passiva,Tecnico,Posture,Avanzata,Con spade: Arma rivolta in direzione frontale perpendicolare al corpo e tenuta ad altezza della testa.,"Postura offensiva-difensiva volta a tener conto di diversi nemici, subisce invece svantaggio.",,,"[{""level"":1,""base_value"":0,""bonus_value"":0,""special_effect"":"""",""level_description"":""Questa postura offre vantaggio su qualsiasi azione se il combattimento è in svantaggio numerico di un massimo di(x) nemici.\nIn scontri singoli ottiene svantaggio.\nSe però questa postura viene mantenuta per 5 turni offre un leggero vantaggio a te ed agli altri per colpire.\nAl contrario, se tenuta per meno di 5 turni ottieni svantaggio generico per 2 turni""},{""level"":2,""base_value"":0,""bonus_value"":0,""special_effect"":"""",""level_description"":""""},{""level"":3,""base_value"":0,""bonus_value"":0,""special_effect"":"""",""level_description"":""""},{""level"":4,""base_value"":0,""bonus_value"":0,""special_effect"":"""",""level_description"":""""},{""level"":5,""base_value"":0,""bonus_value"":0,""special_effect"":"""",""level_description"":""""},{""level"":6,""base_value"":0,""bonus_value"":0,""special_effect"":"""",""level_description"":""""},{""level"":7,""base_value"":0,""bonus_value"":0,""special_effect"":"""",""level_description"":""""},{""level"":8,""base_value"":0,""bonus_value"":0,""special_effect"":"""",""level_description"":""""},{""level"":9,""base_value"":0,""bonus_value"":0,""special_effect"":"""",""level_description"":""""},{""level"":10,""base_value"":0,""bonus_value"":0,""special_effect"":"""",""level_description"":""""}]",479ab18e-0df5-418a-86fd-6ffc4791250a,2025-09-10 20:38:15.47409+00,2025-09-10 20:38:15.47409+00
b44912eb-cb6a-44ab-b264-384111f0992b,Postura irrazionalista,Passiva,Tecnico,Posture,Avanzata,"Con spade a due mani o una mano: gamba su lato non dominante posta in avanti, mentre l'altra deve essere appoggiata pronta per eseguire un passo in avanti.
Il busto è la schiena devono l'essere chiusi su sè stessi
La spada deve essere tenuta in mezza spada e nascosta quanto più indietro possibile.",Postura adeguata alle finte di inizio scontro,,,"[{""level"":1,""base_value"":0,""bonus_value"":0,""special_effect"":"""",""level_description"":""Vantaggio sulla difesa sul posto finché la postura viene mantenuta\nVantaggio sull'affondo e finta affondo attaccando con una sola mano o in mezza spada, sacrificando la distanza. \nDanni da affondo tiro per fendente veloce.\nSvantaggio sulle azioni di difesa in seguito all'attacco ad una mano""},{""level"":2,""base_value"":0,""bonus_value"":0,""special_effect"":"""",""level_description"":""""},{""level"":3,""base_value"":0,""bonus_value"":0,""special_effect"":"""",""level_description"":""""},{""level"":4,""base_value"":0,""bonus_value"":0,""special_effect"":"""",""level_description"":""""},{""level"":5,""base_value"":0,""bonus_value"":0,""special_effect"":"""",""level_description"":""""},{""level"":6,""base_value"":0,""bonus_value"":0,""special_effect"":"""",""level_description"":""""},{""level"":7,""base_value"":0,""bonus_value"":0,""special_effect"":"""",""level_description"":""""},{""level"":8,""base_value"":0,""bonus_value"":0,""special_effect"":"""",""level_description"":""""},{""level"":9,""base_value"":0,""bonus_value"":0,""special_effect"":"""",""level_description"":""""},{""level"":10,""base_value"":0,""bonus_value"":0,""special_effect"":"""",""level_description"":""""}]",479ab18e-0df5-418a-86fd-6ffc4791250a,2025-09-18 14:03:50.554401+00,2025-09-18 14:03:50.554401+00
be470e59-560d-4c13-90d2-270e846280fe,Tiro multiplo,Attiva,Armi a Distanza,Arco,Semplice,"Lancia più frecce in contemporanea ad un singolo nemico o più nemici vicini
Tira con svantaggio situazionale",Infligge solo danno delle frecce se colpisce lo stesso bersaglio,,,"[{""level"":1,""base_value"":0,""bonus_value"":0,""punti_azione"":3,""special_effect"":"""",""level_description"":""Solo danno freccia se colpisci lo stesso bersaglio\nSpara un massimo di 2 frecce ""},{""level"":2,""base_value"":0,""bonus_value"":0,""punti_azione"":2,""special_effect"":"""",""level_description"":""Solo danno freccia se colpisci lo stesso bersaglio\nSpara un massimo di 2 frecce ""},{""level"":3,""base_value"":0,""bonus_value"":0,""punti_azione"":4,""special_effect"":"""",""level_description"":""Solo danno freccia se colpisci lo stesso bersaglio\nSpara un massimo di 3 frecce ""},{""level"":4,""base_value"":0,""bonus_value"":0,""punti_azione"":3,""special_effect"":"""",""level_description"":""Solo danno freccia se colpisci lo stesso bersaglio\nSpara un massimo di 3 frecce ""},{""level"":5,""base_value"":0,""bonus_value"":0,""punti_azione"":6,""special_effect"":"""",""level_description"":""Solo danno freccia se colpisci lo stesso bersaglio\nSpara un massimo di 4 frecce ""},{""level"":6,""base_value"":0,""bonus_value"":0,""punti_azione"":5,""special_effect"":"""",""level_description"":""Solo danno freccia se colpisci lo stesso bersaglio\nSpara un massimo di 4 frecce ""},{""level"":7,""base_value"":0,""bonus_value"":0,""punti_azione"":9,""special_effect"":"""",""level_description"":""Solo danno freccia se colpisci lo stesso bersaglio\nSpara un massimo di 5 frecce ""},{""level"":8,""base_value"":0,""bonus_value"":0,""punti_azione"":8,""special_effect"":"""",""level_description"":""Solo danno freccia se colpisci lo stesso bersaglio\nSpara un massimo di 5 frecce ""},{""level"":9,""base_value"":0,""bonus_value"":0,""punti_azione"":13,""special_effect"":"""",""level_description"":""Solo danno freccia se colpisci lo stesso bersaglio\nSpara un massimo di 6 frecce ""},{""level"":10,""base_value"":0,""bonus_value"":0,""punti_azione"":12,""special_effect"":"""",""level_description"":""Solo danno freccia se colpisci lo stesso bersaglio\nSpara un massimo di 6 frecce""}]",479ab18e-0df5-418a-86fd-6ffc4791250a,2025-09-08 14:07:31.487318+00,2025-09-08 21:35:43.535199+00
c7c1ab3d-e655-4347-a988-bf879f49bd78,Postura monarchica,Passiva,Tecnico,Posture,Avanzata,"Con doppia spada: Una spada usata come sorta di bastone sulla mano debole, la seconda in modalità offensiva.","Postura completa volta alla versatilità, subisce gli attacchi pesanti",,,"[{""level"":1,""base_value"":0,""bonus_value"":0,""special_effect"":"""",""level_description"":""La prima spada funge da supporto e difesa dagli attacchi bassi, la seconda invece mantiene una versatilità.\nQuesta postura richiede di saper bilanciare il \""popolo ed il re\""\nOttiene vantaggio sulle azioni di difesa generali, gli attacchi pesanti possono far perdere la postura\nAumenta la possibilità di effettuare colpi letali""},{""level"":2,""base_value"":0,""bonus_value"":0,""special_effect"":"""",""level_description"":""""},{""level"":3,""base_value"":0,""bonus_value"":0,""special_effect"":"""",""level_description"":""""},{""level"":4,""base_value"":0,""bonus_value"":0,""special_effect"":"""",""level_description"":""""},{""level"":5,""base_value"":0,""bonus_value"":0,""special_effect"":"""",""level_description"":""""},{""level"":6,""base_value"":0,""bonus_value"":0,""special_effect"":"""",""level_description"":""""},{""level"":7,""base_value"":0,""bonus_value"":0,""special_effect"":"""",""level_description"":""""},{""level"":8,""base_value"":0,""bonus_value"":0,""special_effect"":"""",""level_description"":""""},{""level"":9,""base_value"":0,""bonus_value"":0,""special_effect"":"""",""level_description"":""""},{""level"":10,""base_value"":0,""bonus_value"":0,""special_effect"":"""",""level_description"":""""}]",479ab18e-0df5-418a-86fd-6ffc4791250a,2025-09-10 21:15:07.23772+00,2025-09-10 21:15:07.23772+00
c82bb9b0-0cf3-40d0-9cd9-957af4c01001,Postura jungiana del sé,Passiva,Tecnico,Posture,Avanzata,"Con spade ad una mano:
Spada perpendicolare verticalmente al viso, guardia ad altezza petto, mano libera sul fianco opposto del nemico. 
Con spade a due mani: schiena dritta, spada perpendicolare verticalmente al volto, entrambe le mani sulla manico, guardia ad altezza petto, ma corpo rivolto in direzione nemica.",Postura contro-offensiva eccellente per agire in seguito ad attacchi nemici,,,"[{""level"":1,""base_value"":0,""bonus_value"":0,""special_effect"":"""",""level_description"":""Offre vantaggio alle azioni che seguono mezza schivata in Contrattacco. \nOttima struttura difensiva, non Eccelle nelle aperture se non con attacchi pesanti o affondi. \nSpezzare la postura involontariamente comporta che il primo danno subito nel primo turno viene considerato critico.""},{""level"":2,""base_value"":0,""bonus_value"":0,""special_effect"":"""",""level_description"":""""},{""level"":3,""base_value"":0,""bonus_value"":0,""special_effect"":"""",""level_description"":""""},{""level"":4,""base_value"":0,""bonus_value"":0,""special_effect"":"""",""level_description"":""""},{""level"":5,""base_value"":0,""bonus_value"":0,""special_effect"":"""",""level_description"":""""},{""level"":6,""base_value"":0,""bonus_value"":0,""special_effect"":"""",""level_description"":""""},{""level"":7,""base_value"":0,""bonus_value"":0,""special_effect"":"""",""level_description"":""""},{""level"":8,""base_value"":0,""bonus_value"":0,""special_effect"":"""",""level_description"":""""},{""level"":9,""base_value"":0,""bonus_value"":0,""special_effect"":"""",""level_description"":""""},{""level"":10,""base_value"":0,""bonus_value"":0,""special_effect"":"""",""level_description"":""""}]",479ab18e-0df5-418a-86fd-6ffc4791250a,2025-09-16 23:53:33.039926+00,2025-09-16 23:53:33.039926+00
c99c5f97-72c0-4484-ac7e-38d8d45a0fd0,Postura idealista,Passiva,Tecnico,Posture,Suprema,Solo spade ad una mano: Braccio dominante teso verso il nemico ad altezza spalla e corpo rivolto interamente a destra/sinistra e mano libera rivolta verso la direzione opposta alla spada.,"Questa postura eccelle nelle azioni del duello.
Postura altamente versatile, pecca un po' per i combattimenti multipli",,,"[{""level"":1,""base_value"":0,""bonus_value"":0,""special_effect"":"""",""level_description"":""Vantaggio agli affondi di slancio di qualsiasi natura, ogni finta che parte come affondo ottiene vantaggio.\nLa schivata può includere deviazione nel tiro e viceversa.\nVantaggio sulla distanza.\nSvantaggio in offensiva quando le finte non riescono\nSvantaggio nelle azioni difensive multiple eccetto Schivata con Deviazione""},{""level"":2,""base_value"":0,""bonus_value"":0,""special_effect"":"""",""level_description"":""""},{""level"":3,""base_value"":0,""bonus_value"":0,""special_effect"":"""",""level_description"":""""},{""level"":4,""base_value"":0,""bonus_value"":0,""special_effect"":"""",""level_description"":""""},{""level"":5,""base_value"":0,""bonus_value"":0,""special_effect"":"""",""level_description"":""""},{""level"":6,""base_value"":0,""bonus_value"":0,""special_effect"":"""",""level_description"":""""},{""level"":7,""base_value"":0,""bonus_value"":0,""special_effect"":"""",""level_description"":""""},{""level"":8,""base_value"":0,""bonus_value"":0,""special_effect"":"""",""level_description"":""""},{""level"":9,""base_value"":0,""bonus_value"":0,""special_effect"":"""",""level_description"":""""},{""level"":10,""base_value"":0,""bonus_value"":0,""special_effect"":"""",""level_description"":""""}]",479ab18e-0df5-418a-86fd-6ffc4791250a,2025-09-14 14:36:42.938694+00,2025-09-14 14:36:42.938694+00
d0815e88-81c0-4e6a-91da-fc6bbf65ae12,Postura panteista,Passiva,Tecnico,Posture,Suprema,Solo armi ad una mano: Arma inclinata dai 30 ai 45 gradi e mano libera speculare,Postura contro-offensiva volta ad eseguire mezze schivate in contrattacco,,,"[{""level"":1,""base_value"":0,""bonus_value"":0,""special_effect"":"""",""level_description"":""Ottima per i primi attacchi ad ampio raggio per apertura e per cambi di posture.\nRinuncia a buona parte della difesa ma Eccelle nel Contrattacco e nelle schivate da fermi permettendo dunque riposte senza Deviazione\n""},{""level"":2,""base_value"":0,""bonus_value"":0,""special_effect"":"""",""level_description"":""""},{""level"":3,""base_value"":0,""bonus_value"":0,""special_effect"":"""",""level_description"":""""},{""level"":4,""base_value"":0,""bonus_value"":0,""special_effect"":"""",""level_description"":""""},{""level"":5,""base_value"":0,""bonus_value"":0,""special_effect"":"""",""level_description"":""""},{""level"":6,""base_value"":0,""bonus_value"":0,""special_effect"":"""",""level_description"":""""},{""level"":7,""base_value"":0,""bonus_value"":0,""special_effect"":"""",""level_description"":""""},{""level"":8,""base_value"":0,""bonus_value"":0,""special_effect"":"""",""level_description"":""""},{""level"":9,""base_value"":0,""bonus_value"":0,""special_effect"":"""",""level_description"":""""},{""level"":10,""base_value"":0,""bonus_value"":0,""special_effect"":"""",""level_description"":""""}]",479ab18e-0df5-418a-86fd-6ffc4791250a,2025-09-14 13:46:59.719357+00,2025-09-14 13:46:59.719357+00
d3898328-ff1e-42bd-b91a-55af56b9b77a,Postura pragmatica,Passiva,Tecnico,Posture,Avanzata,Solo spade non colossali:  Spada stretta tra le mani (o la mano) e posta in direzione nemica a media altezza e schiena leggermente ricurva,"Postura versatile per eccellenza, serve assolutamente sapere quali azioni sono considerate migliori per il combattimento",,,"[{""level"":1,""base_value"":0,""bonus_value"":0,""special_effect"":"""",""level_description"":""Offre vantaggio ulteriore tutte le azioni corrette in relazione alla situazione.\nOffre svantaggio alle azioni sbagliate in relazione alla situazione""},{""level"":2,""base_value"":0,""bonus_value"":0,""special_effect"":"""",""level_description"":""""},{""level"":3,""base_value"":0,""bonus_value"":0,""special_effect"":"""",""level_description"":""""},{""level"":4,""base_value"":0,""bonus_value"":0,""special_effect"":"""",""level_description"":""""},{""level"":5,""base_value"":0,""bonus_value"":0,""special_effect"":"""",""level_description"":""""},{""level"":6,""base_value"":0,""bonus_value"":0,""special_effect"":"""",""level_description"":""""},{""level"":7,""base_value"":0,""bonus_value"":0,""special_effect"":"""",""level_description"":""""},{""level"":8,""base_value"":0,""bonus_value"":0,""special_effect"":"""",""level_description"":""""},{""level"":9,""base_value"":0,""bonus_value"":0,""special_effect"":"""",""level_description"":""""},{""level"":10,""base_value"":0,""bonus_value"":0,""special_effect"":"""",""level_description"":""""}]",479ab18e-0df5-418a-86fd-6ffc4791250a,2025-09-14 14:14:38.11524+00,2025-09-14 14:14:38.11524+00
d4ef0234-0512-4b26-ab78-7ce8f59dc2a1,Postura razionalista,Passiva,Tecnico,Posture,Avanzata,Tutte le armi non inastate: Arma in postura offensiva rivolta in senso contrario al nemico.,Postura offensiva volta al combattimento in singolo.,,,"[{""level"":1,""base_value"":0,""bonus_value"":0,""special_effect"":"""",""level_description"":""Vantaggio alle risposte degli attacchi nemici di qualsiasi natura.\nSvantaggio a qualsiasi azione di supporto, ogni azione di cura (ricevuta o fornita) richiede un tiro di riuscita.\n""},{""level"":2,""base_value"":0,""bonus_value"":0,""special_effect"":"""",""level_description"":""""},{""level"":3,""base_value"":0,""bonus_value"":0,""special_effect"":"""",""level_description"":""""},{""level"":4,""base_value"":0,""bonus_value"":0,""special_effect"":"""",""level_description"":""""},{""level"":5,""base_value"":0,""bonus_value"":0,""special_effect"":"""",""level_description"":""""},{""level"":6,""base_value"":0,""bonus_value"":0,""special_effect"":"""",""level_description"":""""},{""level"":7,""base_value"":0,""bonus_value"":0,""special_effect"":"""",""level_description"":""""},{""level"":8,""base_value"":0,""bonus_value"":0,""special_effect"":"""",""level_description"":""""},{""level"":9,""base_value"":0,""bonus_value"":0,""special_effect"":"""",""level_description"":""""},{""level"":10,""base_value"":0,""bonus_value"":0,""special_effect"":"""",""level_description"":""""}]",479ab18e-0df5-418a-86fd-6ffc4791250a,2025-09-10 20:31:27.826327+00,2025-09-10 20:31:41.786337+00
d71d5a52-9bc3-4f21-b87c-7a3c1c334dde,Postura atomista,Passiva,Tecnico,Posture,Semplice,Solo spade a due mani: Arma posta dietro la schiena e tenuta a due mani.,"Postura offensiva eccellente per le armi a due mani, malgrado sia volta all'offensiva",,,"[{""level"":1,""base_value"":0,""bonus_value"":0,""special_effect"":"""",""level_description"":""Favorisce i colpi pesanti trasformando i danni inflitti in critico ma sfavorendo la riuscita. \nIn alternativa, mantiene i danni ma aumenta la possibilità di colpire \nRiduce il danno subito ed impedisce le amputazioni.\nOttieni netto svantaggio a qualsiasi altra azione, fatta eccezione per la schivata, la quale avrà svantaggio\nSe si viene colpiti da un attacco pesante, si perde la presa di entrambe le mani sulla spada la postura viene interrotta consumando il 50% dei PA""},{""level"":2,""base_value"":0,""bonus_value"":0,""special_effect"":"""",""level_description"":""""},{""level"":3,""base_value"":0,""bonus_value"":0,""special_effect"":"""",""level_description"":""""},{""level"":4,""base_value"":0,""bonus_value"":0,""special_effect"":"""",""level_description"":""""},{""level"":5,""base_value"":0,""bonus_value"":0,""special_effect"":"""",""level_description"":""""},{""level"":6,""base_value"":0,""bonus_value"":0,""special_effect"":"""",""level_description"":""""},{""level"":7,""base_value"":0,""bonus_value"":0,""special_effect"":"""",""level_description"":""""},{""level"":8,""base_value"":0,""bonus_value"":0,""special_effect"":"""",""level_description"":""""},{""level"":9,""base_value"":0,""bonus_value"":0,""special_effect"":"""",""level_description"":""""},{""level"":10,""base_value"":0,""bonus_value"":0,""special_effect"":"""",""level_description"":""""}]",479ab18e-0df5-418a-86fd-6ffc4791250a,2025-09-14 13:33:47.5609+00,2025-09-14 13:33:47.5609+00
df63b100-cf29-47f7-b28e-b3ad7a7d9e94,Postura stoica,Passiva,Tecnico,Posture,Semplice,"Con spade: Arma rivolta verso il nemico in postura difensiva, corpo raggomitolato.
Con Magli e Asce a due mani: Arma stretta al petto",Postura difensiva adatta al mantenimento della posizione,,,"[{""level"":1,""base_value"":0,""bonus_value"":0,""special_effect"":"""",""level_description"":""Vantaggio a parate, deviazioni riduzione danno subito\nSvantaggio per colpire, riduzione danni inflitti""},{""level"":2,""base_value"":0,""bonus_value"":0,""special_effect"":"""",""level_description"":""""},{""level"":3,""base_value"":0,""bonus_value"":0,""special_effect"":"""",""level_description"":""""},{""level"":4,""base_value"":0,""bonus_value"":0,""special_effect"":"""",""level_description"":""""},{""level"":5,""base_value"":0,""bonus_value"":0,""special_effect"":"""",""level_description"":""""},{""level"":6,""base_value"":0,""bonus_value"":0,""special_effect"":"""",""level_description"":""""},{""level"":7,""base_value"":0,""bonus_value"":0,""special_effect"":"""",""level_description"":""""},{""level"":8,""base_value"":0,""bonus_value"":0,""special_effect"":"""",""level_description"":""""},{""level"":9,""base_value"":0,""bonus_value"":0,""special_effect"":"""",""level_description"":""""},{""level"":10,""base_value"":0,""bonus_value"":0,""special_effect"":"""",""level_description"":""""}]",479ab18e-0df5-418a-86fd-6ffc4791250a,2025-09-10 20:20:56.456528+00,2025-09-10 20:23:11.565363+00
e381c39f-e8f5-4e1d-8c1d-53437b3aba24,Mulinetta,Attiva,Mischia Offensiva,Spada,Avanzata,"Solo spade ad una mano:
Esegue un attacco a vuoto per roteare il polso ed attaccare con maggiore forza da un altro lato",,,,"[{""level"":1,""base_value"":0,""bonus_value"":0,""special_effect"":"""",""level_description"":""Può anche essere usato in seguito ad una parata, può essere:\nFendente -> fendente\nAffondo -> fendente\nFendente -> affondo\nAffondo -> affondo""},{""level"":2,""base_value"":0,""bonus_value"":0,""special_effect"":"""",""level_description"":""""},{""level"":3,""base_value"":0,""bonus_value"":0,""special_effect"":"""",""level_description"":""""},{""level"":4,""base_value"":0,""bonus_value"":0,""special_effect"":"""",""level_description"":""""},{""level"":5,""base_value"":0,""bonus_value"":0,""special_effect"":"""",""level_description"":""""},{""level"":6,""base_value"":0,""bonus_value"":0,""special_effect"":"""",""level_description"":""""},{""level"":7,""base_value"":0,""bonus_value"":0,""special_effect"":"""",""level_description"":""""},{""level"":8,""base_value"":0,""bonus_value"":0,""special_effect"":"""",""level_description"":""""},{""level"":9,""base_value"":0,""bonus_value"":0,""special_effect"":"""",""level_description"":""""},{""level"":10,""base_value"":0,""bonus_value"":0,""special_effect"":"""",""level_description"":""""}]",479ab18e-0df5-418a-86fd-6ffc4791250a,2025-09-18 14:09:43.761982+00,2025-09-18 14:09:43.761982+00
ecdfd572-1860-4c36-b99e-d0d2a8f945d6,Postura illuminista,Passiva,Tecnico,Posture,Avanzata,"Con spade ad una mano o lance ad una mano:  arma rivolta verso il basso, braccio esteso verso l'esterno e polso rivolto verso l'interno","Postura versatile filo-difensiva che fornisce vantaggio sulle magie di cura, ogni tiro di dado di cura verrà considerato critico.",,,"[{""level"":1,""base_value"":0,""bonus_value"":0,""special_effect"":"""",""level_description"":""Vantaggio ad affondi e colpi pesanti d'apertura.\nVantaggio alle magie di supporto e tutte le azioni di difesa purchè queste non siano volte all'offesa\nogni tiro di dado di cura verrà considerato critico.""},{""level"":2,""base_value"":0,""bonus_value"":0,""special_effect"":"""",""level_description"":""""},{""level"":3,""base_value"":0,""bonus_value"":0,""special_effect"":"""",""level_description"":""""},{""level"":4,""base_value"":0,""bonus_value"":0,""special_effect"":"""",""level_description"":""""},{""level"":5,""base_value"":0,""bonus_value"":0,""special_effect"":"""",""level_description"":""""},{""level"":6,""base_value"":0,""bonus_value"":0,""special_effect"":"""",""level_description"":""""},{""level"":7,""base_value"":0,""bonus_value"":0,""special_effect"":"""",""level_description"":""""},{""level"":8,""base_value"":0,""bonus_value"":0,""special_effect"":"""",""level_description"":""""},{""level"":9,""base_value"":0,""bonus_value"":0,""special_effect"":"""",""level_description"":""""},{""level"":10,""base_value"":0,""bonus_value"":0,""special_effect"":"""",""level_description"":""""}]",479ab18e-0df5-418a-86fd-6ffc4791250a,2025-09-17 01:01:44.232028+00,2025-09-17 01:01:44.232028+00
ef2ad461-5d40-442e-b662-dacc8d674a4a,Postura nichilista,Passiva,Tecnico,Posture,Semplice,Tutte le armi: Arma rivolta in alto lateralmente e rivolta in direzione opposta al nemico.,Postura volta al praticare offesa a discapito dei danni ricevuti.,,,"[{""level"":1,""base_value"":0,""bonus_value"":0,""special_effect"":"""",""level_description"":""Vantaggio per colpire ed ai contrattacchi, aumento ai danni inflitti\nSvantaggio ad ogni azione di difesa, aumento dei danni subiti\n""},{""level"":2,""base_value"":0,""bonus_value"":0,""special_effect"":"""",""level_description"":""""},{""level"":3,""base_value"":0,""bonus_value"":0,""special_effect"":"""",""level_description"":""""},{""level"":4,""base_value"":0,""bonus_value"":0,""special_effect"":"""",""level_description"":""""},{""level"":5,""base_value"":0,""bonus_value"":0,""special_effect"":"""",""level_description"":""""},{""level"":6,""base_value"":0,""bonus_value"":0,""special_effect"":"""",""level_description"":""""},{""level"":7,""base_value"":0,""bonus_value"":0,""special_effect"":"""",""level_description"":""""},{""level"":8,""base_value"":0,""bonus_value"":0,""special_effect"":"""",""level_description"":""""},{""level"":9,""base_value"":0,""bonus_value"":0,""special_effect"":"""",""level_description"":""""},{""level"":10,""base_value"":0,""bonus_value"":0,""special_effect"":"""",""level_description"":""""}]",479ab18e-0df5-418a-86fd-6ffc4791250a,2025-09-10 20:26:03.131173+00,2025-09-10 20:26:03.131173+00
f778f235-44f2-4a22-947b-f025d3a2e0e8,Postura taoista,Passiva,Tecnico,Posture,Suprema,"Con spada a due mani: Postura chiusa su se stessa, arma sopra la testa tenuta alta e dritta in direzione del nemico",Postura offensiva per eccellenza.,,,"[{""level"":1,""base_value"":0,""bonus_value"":0,""special_effect"":"""",""level_description"":""Se non attacca, questa postura ha effetti simili alla stoica in una versione leggermente più debole. \nHa invece vantaggio reale durante attacchi non Interrotti, serie di attacchi e combo. \nSvantaggio netto verso qualsiasi azione che interrompe il flusso degli attacchi""},{""level"":2,""base_value"":0,""bonus_value"":0,""special_effect"":"""",""level_description"":""""},{""level"":3,""base_value"":0,""bonus_value"":0,""special_effect"":"""",""level_description"":""""},{""level"":4,""base_value"":0,""bonus_value"":0,""special_effect"":"""",""level_description"":""""},{""level"":5,""base_value"":0,""bonus_value"":0,""special_effect"":"""",""level_description"":""""},{""level"":6,""base_value"":0,""bonus_value"":0,""special_effect"":"""",""level_description"":""""},{""level"":7,""base_value"":0,""bonus_value"":0,""special_effect"":"""",""level_description"":""""},{""level"":8,""base_value"":0,""bonus_value"":0,""special_effect"":"""",""level_description"":""""},{""level"":9,""base_value"":0,""bonus_value"":0,""special_effect"":"""",""level_description"":""""},{""level"":10,""base_value"":0,""bonus_value"":0,""special_effect"":"""",""level_description"":""""}]",479ab18e-0df5-418a-86fd-6ffc4791250a,2025-09-10 21:25:03.715121+00,2025-09-10 21:25:03.715121+00
f964d17f-db36-484b-bbf3-7c821fbe9340,Postura scolastica,Passiva,Tecnico,Posture,Semplice,"Qualsiasi arma: Postura variabile, volta puramente sul fattore estetico.
DEVI DESCRIVERE TU LA POSTURA",Postura sciocca.,,,"[{""level"":1,""base_value"":0,""bonus_value"":0,""special_effect"":"""",""level_description"":""Offre netto vantaggio alle azioni di combattimento e aumento probabilità di intimidire i nemici contro gli inesperti\nSvantaggio netto su ogni azione di combattimento e difesa contro chi ha una padronanza del combattimento tecnico\n""},{""level"":2,""base_value"":0,""bonus_value"":0,""special_effect"":"""",""level_description"":""""},{""level"":3,""base_value"":0,""bonus_value"":0,""special_effect"":"""",""level_description"":""""},{""level"":4,""base_value"":0,""bonus_value"":0,""special_effect"":"""",""level_description"":""""},{""level"":5,""base_value"":0,""bonus_value"":0,""special_effect"":"""",""level_description"":""""},{""level"":6,""base_value"":0,""bonus_value"":0,""special_effect"":"""",""level_description"":""""},{""level"":7,""base_value"":0,""bonus_value"":0,""special_effect"":"""",""level_description"":""""},{""level"":8,""base_value"":0,""bonus_value"":0,""special_effect"":"""",""level_description"":""""},{""level"":9,""base_value"":0,""bonus_value"":0,""special_effect"":"""",""level_description"":""""},{""level"":10,""base_value"":0,""bonus_value"":0,""special_effect"":"""",""level_description"":""""}]",479ab18e-0df5-418a-86fd-6ffc4791250a,2025-09-10 20:40:03.701929+00,2025-09-10 20:40:03.701929+00